n,archivo,cita_corta,titulo,revista_volumen_paginas,doi,paginas_pdf,tipo_documento,poblacion,trata_bienestar_universitario,url_de_descarga,licencia_visible,a_verificar
1,p_24-42_t02_herrera-lopez_ries49.pdf,"Herrera-López, Portilla-Realpe y Lasso-Lara (2026)",Bienestar universitario psicosocial: un estudio exploratorio y validación psicométrica de la escala EBUP,"Revista Iberoamericana de Educación Superior (RIES), 17(49), 24–42",10.22201/iisue.20072872e.2026.49.2060,19,Estudio empírico (psicometría),"Universitarios colombianos (U. de Nariño), n = 296",Sí,https://www.ries.universia.unam.mx/index.php/ries/article/view/2060,no encontrada en el PDF,
2,08-_7794-_Evaluación_psicométrica_preliminar_de_la_Escala_de_Bienestar_Mental_de_W.pdf,"Domínguez-Alfaro, Amaya, Castro y Cadavid-Ruiz (2025)",Evaluación psicométrica preliminar de la Escala de Bienestar Mental de Warwick-Edinburgh en estudiantes universitarios colombianos,"Revista CES Psicología, 18(3), 98–106",10.21615/cesp.7794,9,Estudio empírico (psicometría),"Universitarios colombianos (Cali), n = 214",Sí,https://revistas.ces.edu.co/index.php/psicologia/article/view/7794,CC BY-NC-SA (visible en el PDF),
3,12198-Texto_del_artículo-61308-1-10-20240725.pdf,Orejarena Silva et al. (2024),Evaluación del bienestar psicológico de estudiantes universitarios de psicología,Ciencia Latina Revista Científica Multidisciplinar,10.37811/cl_rcm.v8i4.12198,13,Estudio empírico (descriptivo),"Universitarios de psicología (Bucaramanga), n = 171; escala de Ryff de 29 ítems",Sí,https://ciencialatina.org/index.php/cienciala/article/view/12198,no encontrada en el PDF,
4,Student-well-being-in-higher-education--Scale-deve_2024_The-International-Jo.pdf,"Khatri, Duggal, Lim, Thomas y Shiva (2024)",Student well-being in higher education: Scale development and validation with implications for management education,"The International Journal of Management Education, 22, 100933",10.1016/j.ijme.2024.100933,22,Estudio empírico (desarrollo de escala),Educación superior (contexto de gestión),Sí,https://www.sciencedirect.com/science/article/pii/S1472811724000041,no encontrada en el PDF,
5,Assessing-student-mental-health-and-wellbeing-in-higher-e_2026_Educational-R.pdf,"Baik, Ryan y Lynch-Wells (2026)",Assessing student mental health and wellbeing in higher education: A systematic review of measurement approaches,"Educational Research Review, 52, 100823",10.1016/j.edurev.2026.100823,21,"Revisión sistemática (31 estudios, 2008–2024)",Educación superior (global),Sí,https://www.sciencedirect.com/science/article/pii/S1747938X2600062X,no encontrada en el PDF,
6,0121-6805-rfce-30-01-53_-_2.pdf,"Daza Corredor, Vargas Sánchez y Ríos Parra (2022)","Evaluación del impacto de programas de Bienestar Universitario en el rendimiento académico, permanencia y graduación de estudiantes","Revista Facultad de Ciencias Económicas, 30(1), 53–66",10.18359/rfce.5777,14,Estudio empírico (regresión),Universitarios (U. del Magdalena),"NO: 'bienestar' = programas institucionales (almuerzos, becas), no bienestar psicológico",https://www.scielo.org.co/scielo.php?script=sci_arttext&pid=S0121-68052022000100053,CC BY-NC-ND (visible en el PDF),
7,7631.pdf,"Pedraja-Rejas, Lecaros y Riquelme (2025)","Relación entre el autoconcepto estudiantil, las características del cuerpo académico y el rendimiento estudiantil","Fronteiras, 14(1), 124–144",10.21664/2238-8869.2025v14i1p.124-144,21,Estudio empírico (regresión),"Universitarios chilenos, n = 170","Parcial: autoconcepto y rendimiento, no bienestar",https://periodicos.unievangelica.edu.br/index.php/fronteiras/article/view/7631,no encontrada en el PDF,
8,Mendez_Duran.pdf,Méndez Durán y de la Ossa Montes (2026),Fortalecimiento de la salud mental y el bienestar estudiantil en contextos educativos: una revisión documental,"Mundo sostenible, 2(1), 76–95",10.66707/cye8yn27,20,Revisión documental,"Contexto escolar (educandos, adolescentes), NO universitario",NO universitario,https://revistas.udellpa.org/index.php/mundosostenible/article/view/162,no encontrada en el PDF,
9,3__Editorial.pdf,"Cortina-Navarro, De La Cruz-Pabón y Oviedo-Córdoba (2025)",El impacto de la enfermería escolar en el bienestar estudiantil [Editorial],"Duazary, 22, e6300",10.21676/2389783X.6300,2,Editorial (sin datos),"Niñez y escuelas, NO universitario","NO universitario, sin datos",https://revistas.unimagdalena.edu.co/index.php/duazary/article/view/6300,CC BY-NC-SA (visible en el PDF),
10,0185-2760-resu-53-210-87.pdf,Quispe Mamani et al. (2024),Política de inclusión en la educación superior universitaria: Beca permanencia y bienestar estudiantil en Perú,"Revista de la Educación Superior, 53(210), 87-104",10.36857/resu.2024.210.2853,17,Estudio empírico (correlacional),"Becarios de la Universidad Nacional del Altiplano (Perú), n = 146","Parcial: beca, rendimiento y estrés académico",https://doi.org/10.36857/resu.2024.210.2853,CC BY-NC-ND (visible en el PDF),
11,146-Texto_del_artículo-658-1-10-20230731.pdf,Montalván-Espinoza et al. (2023),Importancia del bienestar estudiantil y la seguridad en los estudiantes de la Universidad de Guayaquil,"REICOMUNICAR, 6(12)",10.46296/rc.v6i12.0155,13,Revisión bibliográfica,Universidad de Guayaquil (Ecuador),"Institucional: departamento de bienestar, no psicológico",https://doi.org/10.46296/rc.v6i12.0155,no encontrada en el PDF,
12,37dec2450f14bbb9f5c25aa6db3b1af95931.pdf,Díaz-Guerra (2024),El potencial de la inteligencia artificial en la mejora del aprendizaje y bienestar estudiantil: prácticas pedagógicas innovadoras desde una neurociencia educativa,"Psiquemag, 13(2), 147-159",10.18050/psiquemag.v13i2.3138,13,Revisión documental (89 estudios),Contexto educativo general,No: inteligencia artificial y neurociencia educativa,https://doi.org/10.18050/psiquemag.v13i2.3138,CC BY 4.0 (visible en el PDF),
13,5683-Texto_del_artículo-22416-1-10-20230504.pdf,Moreno Quinto et al. (2023),Inteligencia Emocional en el aula: Una Revisión de Prácticas y Estrategias para promover el Bienestar Estudiantil,"Ciencia Latina Revista Científica Multidisciplinar, 7(2)",10.37811/cl_rcm.v7i2.5683,18,Revisión (al menos 20 artículos),Aula en Latinoamérica,No: inteligencia emocional en el aula,https://doi.org/10.37811/cl_rcm.v7i2.5683,no encontrada en el PDF,
14,a17v38n30p17.pdf,Autoría no identificable en el PDF (2017),Bienestar estudiantil universitario en Ecuador: Caso unidades de bienestar estudiantil en las universidades de la provincia de El Oro,"Revista Espacios, 38(30), 17",,20,Estudio empírico (encuesta),Dos universidades de la provincia de El Oro (Ecuador); muestras de 380 y 226,Institucional: unidades de bienestar,(completar),no encontrada en el PDF,"El PDF muestra los autores como «UNO, DOS, TRES...»: completar la autoría y el DOI desde la fuente"
15,document.pdf,Sierra Barón et al. (2022),Bienestar psicológico de estudiantes universitarias madres y no madres colombianas,"Informes Psicológicos, 22(2), 169-184",10.18566/infpsic.v22n2a010,16,"Estudio empírico (descriptivo, Ryff de 29 ítems)","Universidad pública del sur de Colombia, n = 435 (247 madres y 188 no madres)",Sí,https://doi.org/10.18566/infpsic.v22n2a010,no encontrada en el PDF,Es el mismo DOI que aparece en las filas 2 y 18 del experimento (tratamiento A)
16,El_rol_de_la_Unidad_de_Bienestar_Estudia.pdf,"Venegas Loor, Moreira Aguayo y Chávez Pozo",El rol de la unidad de bienestar estudiantil en la Universidad Estatal del Sur de Manabí,"Revista de Sociología de la Educación (RASE), 12(2), 287-300",10.7203/RASE.12.2.13916,14,Estudio exploratorio y descriptivo,Universidad Estatal del Sur de Manabí (Ecuador),Institucional: unidad de bienestar,https://doi.org/10.7203/RASE.12.2.13916,no encontrada en el PDF,Año de publicación sin confirmar en el PDF
17,mariajoseojs__3610.pdf,Alvarez Escobar y Almeida Terán (2025),Diagnóstico del bienestar estudiantil de los alumnos que cursan las Carreras de Educación de la PUCE,"Revista Inclusiones, 12(2), 142-163",10.58210/fprc3610,22,Estudio descriptivo (encuesta y grupo focal),Carreras de Educación de la PUCE (Ecuador),Sí,https://doi.org/10.58210/fprc3610,CC BY-NC 4.0 (visible en el PDF),
18,Mindfulness_Una_Herramienta_para_Mejorar.pdf,Dictamen (2024),Mindfulness: Una herramienta para mejorar el bienestar estudiantil,Sin revista identificada; ISBN 978-9942-44-827-9,,6,Investigación documental,Estudiantes universitarios (revisión),Parcial: mindfulness y bienestar psicoemocional,(completar),no encontrada en el PDF,El PDF no identifica la revista ni trae DOI: completar la fuente
19,Neuroeducación_e_inteligencia_emocional_estrategias_pedagógicas_para_mejorar_el_rendimiento_académico_y_el_bienestar_estudiantil.pdf,Tabango Puente et al. (2025),Neuroeducación e inteligencia emocional: estrategias pedagógicas para mejorar el rendimiento académico y el bienestar estudiantil,"Revista Neosapiencia, 3(1), 108-",,14,Estudio (nivel primario),Una sexta escuela primaria (Ecuador),"No: nivel primario, no universitario",(completar),Creative Commons 4.0 (mencionada en el PDF),El título en inglés del encabezado («Gamification and problem-based learning...») no corresponde al artículo; falta el DOI y la última página
20,Ágora-ExplorandoElBienestarEstudiantil-9800794.pdf,Cobo-Rendón et al. (2024),Explorando el bienestar estudiantil: El impacto de la percepción de autonomía en estudiantes de Psicología,"Revista de Ciencias Sociales (RCS), XXX(3), 569-582",,15,Estudio empírico (PERMA-Profiler),"Estudiantes universitarios de Psicología, n = 202",Sí,(completar),CC BY 4.0 (visible en el PDF),Falta el DOI; el país de la muestra no se confirmó
