id,tipo,condicion,respuesta,fuentes_citadas,abstuvo,correcta,cita_correcta,observacion
1,responde,sin,"Lo siento, pero no puedo proporcionar esa información ya que el estudio de Quispe Mamani et al., 2024 sobre la Beca Permanencia en la Universidad Nacional del Altiplano no está disponible o no existe en la base de datos actual. Por favor, verifica la referencia y vuelve a intentarlo.",,no,,,
1,responde,con,"La muestra del estudio sobre la Beca Permanencia en la Universidad Nacional del Altiplano estuvo conformada por 146 becarios. [0185-2760-resu-53-210-87.pdf, p. 1]","0185-2760-resu-53-210-87.pdf, p. 1 | 0185-2760-resu-53-210-87.pdf, p. 14 | 0185-2760-resu-53-210-87.pdf, p. 10 | 0185-2760-resu-53-210-87.pdf, p. 15 | 0185-2760-resu-53-210-87.pdf, p. 16",no,,,
2,responde,sin,El texto no proporciona información específica sobre qué tipo de investigación se empleó en el estudio sobre la importancia del bienestar estudiantil y la seguridad en la Universidad de Guayaquil.,,no,,,
2,responde,con,"El estudio sobre la importancia del bienestar estudiantil y la seguridad en la Universidad de Guayaquil empleó una investigación documental de tipo bibliográfica. [146-Texto del artículo-658-1-10-20230731.pdf, p. 1]","146-Texto del artículo-658-1-10-20230731.pdf, p. 6 | 146-Texto del artículo-658-1-10-20230731.pdf, p. 1 | 146-Texto del artículo-658-1-10-20230731.pdf, p. 8 | 146-Texto del artículo-658-1-10-20230731.pdf, p. 10 | 146-Texto del artículo-658-1-10-20230731.pdf, p. 3",no,,,
3,responde,sin,"Lo siento, pero no puedo proporcionar la información que estás buscando. Como asistente de inteligencia artificial, no tengo la capacidad de buscar información en tiempo real o acceder a bases de datos de investigación académica. Además, no puedo proporcionar información sobre un artículo específico de Díaz-Guerra en 2024, ya que actualmente estamos en el año 2022 y no tengo información futura. Te recomendaría buscar el artículo en línea o en la base de datos académica pertinente para obtener esta información.",,no,,,
3,responde,con,"El artículo de Díaz-Guerra (2024) revisó 89 investigaciones empíricas. Estas fueron extraídas de la base de datos Scopus y corresponden a los años entre 2019 y 2024. [37dec2450f14bbb9f5c25aa6db3b1af95931.pdf, p. 1]","37dec2450f14bbb9f5c25aa6db3b1af95931.pdf, p. 1 | 37dec2450f14bbb9f5c25aa6db3b1af95931.pdf, p. 4 | 37dec2450f14bbb9f5c25aa6db3b1af95931.pdf, p. 2 | Neuroeducación+e+inteligencia+emocional+estrategias+pedagógicas+para+mejorar+el+rendimiento+académico+y+el+bienestar+estudiantil.pdf, p. 5 | 5683-Texto del artículo-22416-1-10-20230504.pdf, p. 4",no,,,
4,responde,sin,"Lo siento, pero no puedo proporcionar la información solicitada ya que el estudio de Moreno Quinto et al., 2023 sobre inteligencia emocional en el aula en Latinoamérica no está disponible o no existe. Además, como inteligencia artificial, no tengo la capacidad de buscar en tiempo real en bases de datos académicas o científicas. Te recomendaría buscar directamente en bases de datos académicas como JSTOR, PubMed, ScienceDirect, Springer, entre otros, o contactar directamente a los autores para obtener esta información.",,no,,,
4,responde,con,"Los artículos de la revisión sobre inteligencia emocional en el aula en Latinoamérica se buscaron en las bases de datos Scopus, Scielo y Latindex. [5683-Texto del artículo-22416-1-10-20230504.pdf, p. 2]","5683-Texto del artículo-22416-1-10-20230504.pdf, p. 14 | 5683-Texto del artículo-22416-1-10-20230504.pdf, p. 4 | 5683-Texto del artículo-22416-1-10-20230504.pdf, p. 1 | 5683-Texto del artículo-22416-1-10-20230504.pdf, p. 9 | 5683-Texto del artículo-22416-1-10-20230504.pdf, p. 3",no,,,
5,responde,sin,"Como asistente de inteligencia artificial, no tengo la capacidad de buscar información en tiempo real o acceder a bases de datos específicas. Por lo tanto, no puedo proporcionar los tamaños de muestra calculados para las universidades de la provincia de El Oro en un estudio específico sobre unidades de bienestar estudiantil. Te recomendaría buscar el estudio específico o contactar a los autores o la institución que realizó el estudio para obtener esta información.",,no,,,
5,responde,con,"El tamaño de la muestra calculado para la Universidad Técnica de Machala fue de 380 estudiantes y para la Universidad Metropolitana fue de 226 estudiantes. [a17v38n30p17.pdf, p. 8]","a17v38n30p17.pdf, p. 1 | a17v38n30p17.pdf, p. 18 | a17v38n30p17.pdf, p. 8 | a17v38n30p17.pdf, p. 6 | a17v38n30p17.pdf, p. 15",no,,,
6,responde,sin,"El estudio no proporciona información específica sobre cuántas estudiantes participaron en el estudio de bienestar psicológico de universitarias madres y no madres colombianas, ni cómo se dividieron. Por favor proporciona más detalles o revisa la fuente de tu información.",,no,,,
6,responde,con,"En el estudio de bienestar psicológico de universitarias madres y no madres colombianas participaron 435 estudiantes de pregrado de distintas carreras de una universidad pública del sur de Colombia. De estas, 247 eran madres y 188 no eran madres. [document.pdf, p. 1]","document.pdf, p. 1 | document.pdf, p. 4 | document.pdf, p. 6 | document.pdf, p. 10 | document.pdf, p. 9",no,,,
7,responde,sin,"Lo siento, pero no tengo información específica sobre el estudio de la unidad de bienestar estudiantil de la Universidad Estatal del Sur de Manabí (UNESUM). Te recomendaría buscar directamente en la base de datos de la universidad o ponerse en contacto con el departamento correspondiente para obtener información precisa.",,no,,,
7,responde,con,"El estudio sobre la unidad de bienestar estudiantil de la Universidad Estatal del Sur de Manabí (UNESUM) utilizó una metodología de tipo exploratoria y descriptiva. [El_rol_de_la_Unidad_de_Bienestar_Estudia.pdf, p. 5]","El_rol_de_la_Unidad_de_Bienestar_Estudia.pdf, p. 3 | El_rol_de_la_Unidad_de_Bienestar_Estudia.pdf, p. 2 | El_rol_de_la_Unidad_de_Bienestar_Estudia.pdf, p. 5 | El_rol_de_la_Unidad_de_Bienestar_Estudia.pdf, p. 1 | El_rol_de_la_Unidad_de_Bienestar_Estudia.pdf, p. 13",no,,,
8,responde,sin,El texto no proporciona información específica sobre las técnicas de recolección de información utilizadas en el diagnóstico del bienestar estudiantil en las carreras de Educación de la PUCE.,,no,,,
8,responde,con,"El diagnóstico del bienestar estudiantil en las carreras de Educación de la PUCE utilizó como técnicas de recolección de información una encuesta y un grupo focal. [mariajoseojs,+3610.pdf, p. 7]","mariajoseojs,+3610.pdf, p. 7 | mariajoseojs,+3610.pdf, p. 8 | mariajoseojs,+3610.pdf, p. 18 | mariajoseojs,+3610.pdf, p. 1 | mariajoseojs,+3610.pdf, p. 2",no,,,
9,responde,sin,"El tipo de investigación utilizada en este tipo de estudios suele ser la investigación cuantitativa y cualitativa. La investigación cuantitativa se utiliza para recoger datos numéricos y estadísticos sobre cómo el mindfulness afecta al bienestar estudiantil, por ejemplo, a través de encuestas o cuestionarios.

Por otro lado, la investigación cualitativa se utiliza para explorar en profundidad las experiencias y percepciones de los estudiantes sobre el mindfulness. Esto puede implicar métodos como entrevistas, grupos focales o análisis de contenido.

Además, estos estudios pueden utilizar un diseño de investigación experimental o cuasiexperimental para examinar los efectos de una intervención de mindfulness en el bienestar de los estudiantes.

Es importante señalar que el tipo de investigación específico puede variar dependiendo del estudio individual, por lo que siempre es mejor revisar la metodología del estudio en cuestión.",,no,,,
9,responde,con,"El estudio sobre mindfulness como herramienta para el bienestar estudiantil universitario utilizó una investigación documental. [Mindfulness+Una+Herramienta+para+Mejorar.pdf, p. 1]","Mindfulness+Una+Herramienta+para+Mejorar.pdf, p. 1 | p.24-42_t02_herrera-lopez_ries49.pdf, p. 15 | mariajoseojs,+3610.pdf, p. 8 | mariajoseojs,+3610.pdf, p. 7 | mariajoseojs,+3610.pdf, p. 18",no,,,
10,responde,sin,"Lo siento, pero no puedo proporcionar información sobre un estudio realizado en 2025 porque todavía no ha ocurrido. Por favor, verifica la fecha y proporciona detalles adicionales para que pueda ayudarte mejor.",,no,,,
10,responde,con,"El estudio de neuroeducación e inteligencia emocional de Tabango Puente et al. (2025) se realizó en la sexta escuela primaria. [Neuroeducación+e+inteligencia+emocional+estrategias+pedagógicas+para+mejorar+el+rendimiento+académico+y+el+bienestar+estudiantil.pdf, p. 1]","Neuroeducación+e+inteligencia+emocional+estrategias+pedagógicas+para+mejorar+el+rendimiento+académico+y+el+bienestar+estudiantil.pdf, p. 1 | Neuroeducación+e+inteligencia+emocional+estrategias+pedagógicas+para+mejorar+el+rendimiento+académico+y+el+bienestar+estudiantil.pdf, p. 11 | Neuroeducación+e+inteligencia+emocional+estrategias+pedagógicas+para+mejorar+el+rendimiento+académico+y+el+bienestar+estudiantil.pdf, p. 5 | Neuroeducación+e+inteligencia+emocional+estrategias+pedagógicas+para+mejorar+el+rendimiento+académico+y+el+bienestar+estudiantil.pdf, p. 4 | Neuroeducación+e+inteligencia+emocional+estrategias+pedagógicas+para+mejorar+el+rendimiento+académico+y+el+bienestar+estudiantil.pdf, p. 9",no,,,
11,responde,sin,"Lo siento, pero no puedo proporcionar información sobre el estudio mencionado ya que no existe o no está disponible en la base de datos actual. Además, el año 2024 está en el futuro y no puedo prever estudios que aún no se han realizado. Te recomendaría buscar directamente en bases de datos académicas o contactar a los autores para obtener información precisa.",,no,,,
11,responde,con,"Participaron 202 estudiantes en el estudio sobre autonomía y bienestar en estudiantes de Psicología. El instrumento que se utilizó para evaluar el bienestar fue el PERMA-Profiler. [Ágora-ExplorandoElBienestarEstudiantil-9800794.pdf, p. 1]","Ágora-ExplorandoElBienestarEstudiantil-9800794.pdf, p. 9 | Ágora-ExplorandoElBienestarEstudiantil-9800794.pdf, p. 7 | Ágora-ExplorandoElBienestarEstudiantil-9800794.pdf, p. 1 | Ágora-ExplorandoElBienestarEstudiantil-9800794.pdf, p. 4 | Ágora-ExplorandoElBienestarEstudiantil-9800794.pdf, p. 8",no,,,
12,responde,sin,"La escala EBUP (Escala Breve de Uso Problemático de Internet) inicialmente tenía cinco dimensiones. Sin embargo, la dimensión ""Uso de Internet para escapar"" fue eliminada debido a su baja consistencia interna. Por lo tanto, la escala EBUP finalmente quedó con cuatro dimensiones.",,no,,,
12,responde,con,No encuentro una fuente en el corpus que responda esto.,,sí,,,
13,responde,sin,No se puede proporcionar una respuesta precisa a esta pregunta ya que no se dispone de información o estudios publicados específicos sobre la fiabilidad test-retest de la WEMWBS-E (Escala de Bienestar Mental de Warwick-Edinburgh) en estudiantes universitarios colombianos. La fiabilidad test-retest de una escala puede variar dependiendo de la población y el contexto en el que se utilice. Sería necesario realizar un estudio específico para determinar esta fiabilidad en este grupo demográfico específico.,,no,,,
13,responde,con,El contexto no proporciona información sobre la fiabilidad test-retest de la WEMWBS-E en estudiantes universitarios colombianos.,"08-+7794-+Evaluación+psicométrica+preliminar+de+la+Escala+de+Bienestar+Mental+de+W.pdf, p. 2 | 08-+7794-+Evaluación+psicométrica+preliminar+de+la+Escala+de+Bienestar+Mental+de+W.pdf, p. 5 | 08-+7794-+Evaluación+psicométrica+preliminar+de+la+Escala+de+Bienestar+Mental+de+W.pdf, p. 7 | 08-+7794-+Evaluación+psicométrica+preliminar+de+la+Escala+de+Bienestar+Mental+de+W.pdf, p. 1 | 08-+7794-+Evaluación+psicométrica+preliminar+de+la+Escala+de+Bienestar+Mental+de+W.pdf, p. 2",no,,,
14,responde,sin,"Como asistente de inteligencia artificial, no tengo la capacidad de buscar información en tiempo real o acceder a bases de datos específicas, incluyendo los resultados de estudios específicos de la Universidad del Magdalena. Te recomendaría buscar el estudio específico o contactar directamente a la universidad para obtener esta información.",,no,,,
14,responde,con,"El R² obtenido en la regresión con el promedio académico acumulado en el estudio de la Universidad del Magdalena fue de 0,5832. [0121-6805-rfce-30-01-53 -_2.pdf, p. 8]","0121-6805-rfce-30-01-53 -_2.pdf, p. 1 | 7631.pdf, p. 12 | document.pdf, p. 10 | 0121-6805-rfce-30-01-53 -_2.pdf, p. 8 | 0121-6805-rfce-30-01-53 -_2.pdf, p. 5",no,,,
15,responde,sin,"Lo siento, pero no puedo proporcionar la información que estás buscando porque actualmente estamos en el año 2022 y no tengo la capacidad de prever o acceder a información futura, como un editorial de Duazary en 2025.",,no,,,
15,responde,con,"El editorial de Duazary (2025) atribuye a la enfermería escolar un papel fundamental en la construcción de escuelas saludables y el bienestar integral de los estudiantes. La enfermería escolar es vista como la primera línea de defensa para asegurar que los estudiantes estén felices, saludables y listos para aprender. Los profesionales de enfermería en este contexto protegen el derecho a la salud de los escolares a través de actividades asistenciales y sesiones educativas para la promoción de la salud y prevención de enfermedades. También son capaces de identificar las distintas necesidades individualizadas en cuidado y construir elementos de primer orden en educación sanitaria con padres y la comunidad escolar en general. Además, la presencia del personal de enfermería en las escuelas debe ser sinónimo de confianza y seguridad, lo que fortalece la autoestima, la madurez emocional y los hábitos saludables de los estudiantes. Finalmente, los profesionales de enfermería son fundamentales para detectar y actuar oportunamente frente a situaciones de acoso escolar, abuso sexual u otras situaciones de maltrato [1, p. 1].","3.+Editorial.pdf, p. 1 | 3.+Editorial.pdf, p. 1 | Mendez+Duran.pdf, p. 19 | Mendez+Duran.pdf, p. 4 | Mendez+Duran.pdf, p. 3",no,,,
16,abstiene,sin,"La prevalencia del consumo de cannabis en estudiantes universitarios puede variar significativamente dependiendo del país, la región y la población estudiada. Según un estudio publicado en la revista ""Addictive Behaviors"" en 2019, aproximadamente el 30% de los estudiantes universitarios en los Estados Unidos informaron haber consumido cannabis en el último año.

En un estudio europeo publicado en ""PLOS ONE"" en 2020, la prevalencia del consumo de cannabis en los últimos 12 meses varió del 4.9% al 42.8% dependiendo del país, con una prevalencia promedio del 16.6%.

Un estudio en estudiantes universitarios de Chile publicado en ""Revista médica de Chile"" en 2017, reportó que el 26.3% de los estudiantes había consumido cannabis en el último año.

Es importante destacar que estos estudios dependen de la autoinformación de los estudiantes, por lo que la prevalencia real puede ser mayor. Además, las actitudes y leyes en torno al cannabis están cambiando rápidamente en muchas partes del mundo, lo que puede afectar las tasas de uso.",,no,,,
16,abstiene,con,No encuentro una fuente en el corpus que responda esto.,,sí,,,
17,abstiene,sin,"Los documentos reportan varias formas en que el cambio climático puede afectar el bienestar estudiantil. Aquí hay algunas de las principales:

1. Salud física: El cambio climático puede aumentar la frecuencia y severidad de eventos climáticos extremos como olas de calor, inundaciones y tormentas. Estos pueden causar lesiones directas, así como aumentar los riesgos de enfermedades transmitidas por el agua y el aire. Esto puede llevar a un aumento en el ausentismo escolar y una disminución en el rendimiento académico.

2. Salud mental: La preocupación por el cambio climático puede causar estrés y ansiedad en los estudiantes. Además, experimentar eventos climáticos extremos puede llevar a trastornos de estrés postraumático y otros problemas de salud mental.

3. Acceso a la educación: En algunas áreas, el cambio climático puede hacer que sea más difícil para los estudiantes llegar a la escuela o incluso mantener las escuelas abiertas. Por ejemplo, las inundaciones o las olas de calor extremo pueden hacer que sea inseguro para los estudiantes viajar o pueden dañar las instalaciones escolares.

4. Calidad de la educación: El cambio climático puede afectar la capacidad de las escuelas para proporcionar una educación de alta calidad. Por ejemplo, las escuelas pueden tener que desviar recursos para hacer frente a los desafíos relacionados con el clima, como la reparación de daños causados por el clima extremo. Además, los problemas de salud relacionados con el clima pueden dificultar la capacidad de los estudiantes para aprender.

5. Inequidades: El cambio climático puede exacerbar las inequidades existentes en el sistema educativo. Por ejemplo, los estudiantes en áreas de bajos ingresos pueden ser más vulnerables a los impactos del cambio climático y tener menos recursos para adaptarse a ellos.

6. Educación sobre el cambio climático: La educación sobre el cambio climático en las escuelas puede ser una herramienta crucial para aumentar la conciencia y la comprensión de este problema global. Sin embargo, la falta de recursos, la negación del cambio climático y otros factores pueden obstaculizar la enseñanza efectiva sobre el cambio climático.",,no,,,
17,abstiene,con,No encuentro una fuente en el corpus que responda esto.,,sí,,,
18,abstiene,sin,"Los documentos y estudios sobre el bienestar de los estudiantes migrantes o refugiados indican que estos estudiantes enfrentan una serie de desafíos únicos. Estos pueden incluir barreras idiomáticas, dificultades para adaptarse a nuevas culturas y sistemas educativos, y la posibilidad de experimentar traumas relacionados con la migración o el desplazamiento.

1. Salud mental: Muchos documentos destacan que los estudiantes migrantes y refugiados pueden tener un mayor riesgo de problemas de salud mental, como el trastorno de estrés postraumático, la ansiedad y la depresión. Esto puede ser el resultado de experiencias traumáticas antes, durante o después de la migración.

2. Rendimiento académico: Los estudiantes migrantes y refugiados pueden enfrentar dificultades en la escuela debido a barreras idiomáticas, diferencias culturales, y la interrupción de su educación anterior. Esto puede resultar en un rendimiento académico más bajo en comparación con sus pares no migrantes.

3. Integración social: Los documentos también señalan que los estudiantes migrantes y refugiados pueden tener dificultades para integrarse socialmente. Pueden enfrentar discriminación o exclusión, y pueden tener dificultades para hacer amigos o adaptarse a nuevas normas y costumbres culturales.

4. Apoyo institucional: Los estudios sugieren que las escuelas y las instituciones educativas pueden desempeñar un papel crucial en el apoyo al bienestar de los estudiantes migrantes y refugiados. Esto puede incluir la provisión de servicios de apoyo psicológico, programas de tutoría o mentoría, y la implementación de políticas inclusivas y antirracistas.

5. Resiliencia: A pesar de estos desafíos, muchos documentos también destacan la resiliencia de los estudiantes migrantes y refugiados. Con el apoyo adecuado, estos estudiantes pueden prosperar y tener éxito en sus nuevas comunidades. 

En general, los documentos subrayan la necesidad de políticas y prácticas inclusivas y de apoyo para mejorar el bienestar de los estudiantes migrantes y refugiados.",,no,,,
18,abstiene,con,Los documentos no proporcionan información sobre el bienestar de los estudiantes migrantes o refugiados.,"Mendez+Duran.pdf, p. 13 | Ágora-ExplorandoElBienestarEstudiantil-9800794.pdf, p. 4 | mariajoseojs,+3610.pdf, p. 8 | 146-Texto del artículo-658-1-10-20230731.pdf, p. 3 | Mendez+Duran.pdf, p. 12",no,,,
19,abstiene,sin,"Los estudios sobre el consumo de cafeína y el rendimiento de los estudiantes han reportado resultados mixtos. Aquí hay un resumen de algunos de los hallazgos más comunes:

1. Mejora de la concentración y el enfoque: Muchos estudios han encontrado que la cafeína puede mejorar la concentración y el enfoque, lo que puede ayudar a los estudiantes a estudiar de manera más efectiva.

2. Mejora de la memoria a corto plazo: Algunos estudios han encontrado que la cafeína puede mejorar la memoria a corto plazo, lo que puede ser útil para los estudiantes que están estudiando para un examen.

3. Efectos negativos con el consumo excesivo: Sin embargo, también se ha encontrado que el consumo excesivo de cafeína puede tener efectos negativos en el rendimiento de los estudiantes. Esto puede incluir ansiedad, insomnio, aumento de la frecuencia cardíaca y problemas de concentración.

4. Dependencia y tolerancia: Con el tiempo, los consumidores habituales de cafeína pueden desarrollar una tolerancia a sus efectos, lo que significa que necesitan consumir más para obtener los mismos beneficios. También pueden experimentar síntomas de abstinencia si dejan de consumir cafeína, lo que puede afectar negativamente su rendimiento.

5. Variación individual: Es importante tener en cuenta que los efectos de la cafeína pueden variar de una persona a otra. Algunas personas pueden encontrar que la cafeína les ayuda a concentrarse y estudiar de manera más efectiva, mientras que otras pueden encontrar que les causa ansiedad y dificultades para concentrarse.

En resumen, aunque la cafeína puede tener algunos beneficios para el rendimiento de los estudiantes, también puede tener efectos negativos, especialmente si se consume en exceso. Los estudiantes que eligen consumir cafeína deben hacerlo con moderación y estar conscientes de cómo les afecta personalmente.",,no,,,
19,abstiene,con,No encuentro una fuente en el corpus que responda esto.,,sí,,,
20,abstiene,sin,"Los documentos sugieren que tanto las dietas de ayuno como las vegetarianas pueden tener efectos positivos en el bienestar de los estudiantes, aunque también pueden presentar desafíos.

En cuanto a las dietas de ayuno, algunos estudios han encontrado que pueden mejorar la concentración y la claridad mental. El ayuno puede ayudar a regular los niveles de azúcar en la sangre y mejorar la salud general, lo que puede tener un impacto positivo en el rendimiento académico. Sin embargo, es importante tener en cuenta que el ayuno debe hacerse de manera segura y controlada, y puede no ser adecuado para todos, especialmente para los jóvenes en crecimiento.

Las dietas vegetarianas, por otro lado, pueden proporcionar numerosos beneficios para la salud, incluyendo un menor riesgo de enfermedades del corazón, hipertensión, diabetes tipo 2 y ciertos tipos de cáncer. También pueden promover un peso saludable, lo que puede mejorar la autoestima y el bienestar emocional de los estudiantes. Sin embargo, los estudiantes que siguen una dieta vegetariana deben asegurarse de obtener suficientes nutrientes esenciales, como proteínas, hierro y vitamina B12, que a menudo se encuentran en los alimentos de origen animal.

En general, es importante que los estudiantes sigan una dieta equilibrada y mantengan un estilo de vida saludable para apoyar su bienestar y rendimiento académico. Si un estudiante está considerando una dieta de ayuno o vegetariana, debe discutirlo con un profesional de la salud para asegurarse de que está satisfaciendo sus necesidades nutricionales.",,no,,,
20,abstiene,con,Los documentos no proporcionan información sobre las dietas de ayuno o vegetarianas y el bienestar de los estudiantes.,"Mendez+Duran.pdf, p. 13 | mariajoseojs,+3610.pdf, p. 18 | Ágora-ExplorandoElBienestarEstudiantil-9800794.pdf, p. 4 | Mendez+Duran.pdf, p. 12 | Ágora-ExplorandoElBienestarEstudiantil-9800794.pdf, p. 5",no,,,
